c01_20050930212017.jpg, 0
c01_20060930210013.jpg, 0
c01_20061002202024.jpg, 0
c01_20061014211026.jpg, 0
c01_20070315212021.jpg, 0
c01_20070315213022.jpg, 0
c01_20070427193007.jpg, 0
c01_20070427210015.jpg, 0
c01_20070517221013.jpg, 0
c01_20070608203015.jpg, 0
c01_20070609023015.jpg, 0
c01_20070610022004.jpg, 0
c01_20070610023025.jpg, 0
c01_20070710222043.jpg, 0
c01_20070711040008.jpg, 0
c01_20070713001039.jpg, 0
c01_20070714180004.jpg, 0
c01_20070714183009.jpg, 0
c01_20070714190015.jpg, 0
c01_20070714192019.jpg, 0
c01_20070715032001.jpg, 0
c01_20070808220002.jpg, 0
c01_20070809004000.jpg, 0
c01_20070901203021.jpg, 0
c01_20070902224000.jpg, 0
c01_20070905014002.jpg, 0
c01_20070906180011.jpg, 0
c01_20070906181013.jpg, 0
c01_20070906183016.jpg, 0
c01_20070907003012.jpg, 0
c01_20070910210005.jpg, 0
c01_20070928203013.jpg, 0
c01_20071018211017.jpg, 0
c01_20080309210016.jpg, 0
c01_20080327191027.jpg, 0
c01_20080327194003.jpg, 0
c01_20080328002021.jpg, 0
c01_20080507224013.jpg, 0
c01_20080607212005.jpg, 0
c01_20080614212005.jpg, 0
c01_20080630004007.jpg, 0
c01_20080818221002.jpg, 0
c01_20080907182028.jpg, 0
c01_20090321203012.jpg, 0
c01_20090325011012.jpg, 0
c01_20090601014012.jpg, 0
c01_20090601023012.jpg, 0
c01_20090621010012.jpg, 0
c01_20090624001012.jpg, 0
c01_20090628201012.jpg, 0
c01_20090628223014.jpg, 0
c01_20090629024012.jpg, 0
c01_20090724011012.jpg, 0
c01_20090914011012.jpg, 0
c01_20090915222012.jpg, 0
c01_20090920220012.jpg, 0
c01_20100310203008.jpg, 0
c01_20100312203010.jpg, 0
c01_20100316224010.jpg, 0
c01_20100325213010.jpg, 0
c01_20100406183010.jpg, 0
c01_20100407173010.jpg, 0
c01_20100407201010.jpg, 0
c01_20100407202010.jpg, 0
c01_20100411010010.jpg, 0
c01_20100411171010.jpg, 0
c01_20100411184010.jpg, 0
c01_20100411192010.jpg, 0
c01_20100412012010.jpg, 0
c01_20100414211010.jpg, 0
c01_20100417180010.jpg, 0
c01_20100419011010.jpg, 0
c01_20100423000010.jpg, 0
c01_20100423001010.jpg, 0
c01_20100423214010.jpg, 0
c01_20100424012010.jpg, 0
c01_20100502180010.jpg, 0
c01_20100504203010.jpg, 0
c01_20100506210010.jpg, 0
c01_20100507000010.jpg, 0
c01_20100507031008.jpg, 0
c01_20100508002010.jpg, 0
c01_20100517012010.jpg, 0
c01_20100606221210.jpg, 0
c01_20100609010010.jpg, 0
c01_20100611010010.jpg, 0
c01_20100611043010.jpg, 0
c01_20100615001010.jpg, 0
c01_20100616024010.jpg, 0
c01_20100616194010.jpg, 0
c01_20100617201010.jpg, 0
c01_20100618012010.jpg, 0
c01_20100703211010.jpg, 0
c01_20100703213010.jpg, 0
c01_20100709012010.jpg, 0
c01_20100709041010.jpg, 0
c01_20100715014010.jpg, 0
c01_20100715030010.jpg, 0
c01_20100803204010.jpg, 0
c01_20100804000010.jpg, 0
c01_20100804162010.jpg, 0
c01_20100805001310.jpg, 0
c01_20100806183010.jpg, 0
c01_20100806212010.jpg, 0
c01_20100808004010.jpg, 0
c01_20100809020010.jpg, 0
c01_20100809024010.jpg, 0
c01_20100809203010.jpg, 0
c01_20100810014010.jpg, 0
c01_20100810020010.jpg, 0
c01_20100811023010.jpg, 0
c01_20100813001010.jpg, 0
c01_20100813033010.jpg, 0
c01_20100902021010.jpg, 0
c01_20100907000010.jpg, 0
c01_20100915212010.jpg, 0
c01_20100916182010.jpg, 0
c01_20100918010010.jpg, 0
c01_20100927221010.jpg, 0
c01_20101007224010.jpg, 0
c01_20101011222010.jpg, 0
c01_20110303220010.jpg, 0
c01_20110306224010.jpg, 0
c01_20110307193010.jpg, 0
c01_20110313210010.jpg, 0
c01_20110313211010.jpg, 0
c01_20110328224010.jpg, 0
c01_20110401000010.jpg, 0
c01_20110401173010.jpg, 0
c01_20110405223010.jpg, 0
c01_20110406002010.jpg, 0
c01_20110406183010.jpg, 0
c01_20110410003010.jpg, 0
c01_20110410004010.jpg, 0
c01_20110410014010.jpg, 0
c01_20110410214010.jpg, 0
c01_20110411014010.jpg, 0
c01_20110502223010.jpg, 0
c01_20110508022010.jpg, 0
c01_20110509004010.jpg, 0
c01_20110510174010.jpg, 0
c01_20110510221010.jpg, 0
c01_20110510222010.jpg, 0
c01_20110511001010.jpg, 0
c01_20110511023010.jpg, 0
c01_20110511041010.jpg, 0
c01_20110529024010.jpg, 0
c01_20110529164010.jpg, 0
c01_20110623210010.jpg, 0
c01_20110623224010.jpg, 0
c01_20110630222000.jpg, 0
c01_20110701000000.jpg, 0
c01_20110701003000.jpg, 0
c01_20110701013008.jpg, 0
c01_20110701032008.jpg, 0
c01_20110701153010.jpg, 0
c01_20110706013010.jpg, 0
c01_20110706041010.jpg, 0
c01_20110708022010.jpg, 0
c01_20110709011010.jpg, 0
c01_20110709014010.jpg, 0
c01_20110720190010.jpg, 0
c01_20110721211010.jpg, 0
c01_20110726034028.jpg, 0
c01_20110728012010.jpg, 0
c01_20110728014010.jpg, 0
c01_20110730200000.jpg, 0
c01_20110801031010.jpg, 0
c01_20110823010010.jpg, 0
c01_20110824010010.jpg, 0
c01_20110824012010.jpg, 0
c01_20110825003010.jpg, 0
c01_20110826221010.jpg, 0
c01_20110829010000.jpg, 0
c01_20110903000010.jpg, 0
c01_20110903201010.jpg, 0
c01_20111001200010.jpg, 0
c01_20111004220010.jpg, 0
c01_20120311194010.jpg, 0
c01_20120311210010.jpg, 0
c01_20120401224010.jpg, 0
c01_20120402000010.jpg, 0
c01_20120404222010.jpg, 0
c01_20120412182010.jpg, 0
c01_20120421003010.jpg, 0
c01_20120422192010.jpg, 0
c01_20120422220010.jpg, 0
c01_20120423003010.jpg, 0
c01_20120503012010.jpg, 0
c01_20120511220010.jpg, 0
c01_20120512011010.jpg, 0
c01_20120512200010.jpg, 0
c01_20120512221010.jpg, 0
c01_20120513010010.jpg, 0
c01_20120513040010.jpg, 0
c01_20120525211010.jpg, 0
c01_20120526003010.jpg, 0
c01_20120526021010.jpg, 0
c01_20120526031010.jpg, 0
c01_20120612034010.jpg, 0
c01_20120620034010.jpg, 0
c01_20120620040010.jpg, 0
c01_20120723193010.jpg, 0
c01_20120723222010.jpg, 0
c01_20120724001010.jpg, 0
c01_20120724022010.jpg, 0
c01_20120724033010.jpg, 0
c01_20120724040010.jpg, 0
c01_20120725004010.jpg, 0
c01_20120725012010.jpg, 0
c01_20120726003010.jpg, 0
c01_20120726014010.jpg, 0
c01_20120726030010.jpg, 0
c01_20120807224012.jpg, 0
c01_20120808021012.jpg, 0
c01_20120808224010.jpg, 0
c01_20120819220010.jpg, 0
c01_20120823193010.jpg, 0
c01_20120823202010.jpg, 0
c01_20120824000010.jpg, 0
c01_20120902172000.jpg, 0
c01_20120904191010.jpg, 0
c01_20120905193010.jpg, 0
c01_20120905202010.jpg, 0
c01_20120905223000.jpg, 0
c01_20120906004010.jpg, 0
c01_20120906012010.jpg, 0
c01_20120908223010.jpg, 0
c01_20120913010010.jpg, 0
c01_20120915214010.jpg, 0
c01_20120919174010.jpg, 0
c01_20130309221000.jpg, 0
c01_20130309224000.jpg, 0
c01_20130323224010.jpg, 0
c01_20130324001000.jpg, 0
c01_20130324003000.jpg, 0
c01_20130406223000.jpg, 0
c01_20130407014000.jpg, 0
c01_20130414200010.jpg, 0
c01_20130414222000.jpg, 0
c01_20130502200000.jpg, 0
c01_20130504220000.jpg, 0
c01_20130510013010.jpg, 0
c01_20130512013000.jpg, 0
c01_20130512030000.jpg, 0
c01_20130514214002.jpg, 0
c01_20130516193000.jpg, 0
c01_20130516203000.jpg, 0
c01_20130520011010.jpg, 0
c01_20130521033010.jpg, 0
c01_20130521034010.jpg, 0
c01_20130521041010.jpg, 0
c01_20130522014010.jpg, 0
c01_20130604020010.jpg, 0
c01_20130610042010.jpg, 0
c01_20130611222010.jpg, 0
c01_20130613012010.jpg, 0
c01_20130613024010.jpg, 0
c01_20130614010010.jpg, 0
c01_20130615001010.jpg, 0
c01_20130615020010.jpg, 0
c01_20130615024010.jpg, 0
c01_20130615031010.jpg, 0
c01_20130615223010.jpg, 0
c01_20130620022010.jpg, 0
c01_20130706004010.jpg, 0
c01_20130706160000.jpg, 0
c01_20130711213010.jpg, 0
c01_20130714041010.jpg, 0
c01_20130714172010.jpg, 0
c01_20130715014000.jpg, 0
c01_20130715024010.jpg, 0
c01_20130718004010.jpg, 0
c01_20130718031010.jpg, 0
c01_20130718192010.jpg, 0
c01_20130815002010.jpg, 0
c01_20130815003010.jpg, 0
c01_20130825004010.jpg, 0
c01_20130825213010.jpg, 0
c01_20130826022010.jpg, 0
c01_20130826203010.jpg, 0
c01_20130826211010.jpg, 0
c01_20130827014010.jpg, 0
c01_20130827020010.jpg, 0
c01_20130827171010.jpg, 0
c01_20130827173010.jpg, 0
c01_20130828210010.jpg, 0
c01_20130830202010.jpg, 0
c01_20130830211010.jpg, 0
c01_20130901212010.jpg, 0
c01_20130908002010.jpg, 0
c01_20130910202010.jpg, 0
c01_20130910220010.jpg, 0
c01_20130911010010.jpg, 0
c01_20130912003010.jpg, 0
c01_20130913192010.jpg, 0
c01_20130913202010.jpg, 0
c01_20130923191010.jpg, 0
c01_20130923220010.jpg, 0
c01_20130923222010.jpg, 0
c01_20130924204010.jpg, 0
c01_20130924222110.jpg, 0
c01_20131006214000.jpg, 0
c01_20131007213028.jpg, 0
c01_20140301221000.jpg, 0
c01_20140424001002.jpg, 0
c01_20140430001004.jpg, 0
c01_20140430160000.jpg, 0
c01_20140430180010.jpg, 0
c01_20140430182010.jpg, 0
c01_20140430220002.jpg, 0
c01_20140430223010.jpg, 0
c01_20140501000000.jpg, 0
c01_20140504024000.jpg, 0
c01_20140504031004.jpg, 0
c01_20140508023000.jpg, 0
c01_20140510010002.jpg, 0
c01_20140510011002.jpg, 0
c01_20140510022000.jpg, 0
c01_20140511014004.jpg, 0
c01_20140511030000.jpg, 0
c01_20140511193000.jpg, 0
c01_20140512004010.jpg, 0
c01_20140512020010.jpg, 0
c01_20140512021010.jpg, 0
c01_20140522191010.jpg, 0
c01_20140522214010.jpg, 0
c01_20140522222030.jpg, 0
c01_20140524220010.jpg, 0
c01_20140526004010.jpg, 0
c01_20140527201010.jpg, 0
c01_20140527211010.jpg, 0
c01_20140527212010.jpg, 0
c01_20140528002010.jpg, 0
c01_20140602222010.jpg, 0
c01_20140603024010.jpg, 0
c01_20140605020010.jpg, 0
c01_20140605032010.jpg, 0
c01_20140605040010.jpg, 0
c01_20140619203010.jpg, 0
c01_20140620004010.jpg, 0
c01_20140620022010.jpg, 0
c01_20140620042010.jpg, 0
c01_20140620044010.jpg, 0
c01_20140624044010.jpg, 0
c01_20140629013010.jpg, 0
c01_20140629032010.jpg, 0
c01_20140630011010.jpg, 0
c01_20140722020000.jpg, 0
c01_20140722032000.jpg, 0
c01_20140801222010.jpg, 0
c01_20140801223000.jpg, 0
c01_20140804204010.jpg, 0
c01_20140804220000.jpg, 0
c01_20140805010000.jpg, 0
c01_20140805012000.jpg, 0
c01_20140808004010.jpg, 0
c01_20140815222010.jpg, 0
c01_20140819191010.jpg, 0
c01_20140821191010.jpg, 0
c01_20140827180010.jpg, 0
c01_20140827223010.jpg, 0
c01_20140912212010.jpg, 0
c01_20140912213010.jpg, 0
c01_20140918192010.jpg, 0
c01_20140920221010.jpg, 0
c01_20140921000010.jpg, 0
c01_20140921003010.jpg, 0
c01_20140922181010.jpg, 0
c01_20140922211010.jpg, 0
c01_20140922222010.jpg, 0
c01_20140923002010.jpg, 0
c01_20140924002010.jpg, 0
c01_20140930221010.jpg, 0
c01_20141001200010.jpg, 0
c01_20141008223010.jpg, 0
c01_20150323203110.jpg, 0
c01_20150325003002.jpg, 0
c01_20150325221002.jpg, 0
c01_20150411012004.jpg, 0
c01_20150414170000.jpg, 0
c01_20150414212002.jpg, 0
c01_20150414214002.jpg, 0
c01_20150414222000.jpg, 0
c01_20150415004000.jpg, 0
c01_20150417193002.jpg, 0
c01_20150417221004.jpg, 0
c01_20150418190004.jpg, 0
c01_20150520001004.jpg, 0
c01_20150520011004.jpg, 0
c01_20150520024000.jpg, 0
c01_20150520040000.jpg, 0
c01_20150521011002.jpg, 0
c01_20150521030010.jpg, 0
c01_20150521032010.jpg, 0
c01_20150526031110.jpg, 0
c01_20150528024010.jpg, 0
c01_20150529003004.jpg, 0
c01_20150601040010.jpg, 0
c01_20150608161010.jpg, 0
c01_20150608172000.jpg, 0
c01_20150612014010.jpg, 0
c01_20150613174010.jpg, 0
c01_20150613204010.jpg, 0
c01_20150614010004.jpg, 0
c01_20150614043000.jpg, 0
c01_20150622161004.jpg, 0
c01_20150622192000.jpg, 0
c01_20150623023000.jpg, 0
c01_20150625200002.jpg, 0
c01_20150712021000.jpg, 0
c01_20150712022000.jpg, 0
c01_20150712222002.jpg, 0
c01_20150713013004.jpg, 0
c01_20150713031004.jpg, 0
c01_20150713171002.jpg, 0
c01_20150713173002.jpg, 0
c01_20150714030000.jpg, 0
c01_20150715223010.jpg, 0
c01_20150715224002.jpg, 0
c01_20150716002004.jpg, 0
c01_20150716004004.jpg, 0
c01_20150723224000.jpg, 0
c01_20150725210002.jpg, 0
c01_20150725212002.jpg, 0
c01_20150804210010.jpg, 0
c01_20150804211004.jpg, 0
c01_20150806000000.jpg, 0
c01_20150806220000.jpg, 0
c01_20150807000000.jpg, 0
c01_20150812023002.jpg, 0
c01_20150817204000.jpg, 0
c01_20150817213000.jpg, 0
c01_20150818011002.jpg, 0
c01_20150818221000.jpg, 0
c01_20150820012000.jpg, 0
c01_20150820013000.jpg, 0
c01_20150820014000.jpg, 0
c01_20150821031000.jpg, 0
c01_20150822003000.jpg, 0
c01_20150822020004.jpg, 0
c01_20150823004000.jpg, 0
c01_20150826001000.jpg, 0
c01_20150902223002.jpg, 0
c01_20150906001002.jpg, 0
c01_20150906003002.jpg, 0
c01_20150906010002.jpg, 0
c01_20150909183000.jpg, 0
c01_20150915204000.jpg, 0
c01_20150915222000.jpg, 0
c01_20150916012002.jpg, 0
c01_20150916213010.jpg, 0
c01_20150917221002.jpg, 0
c01_20150919002004.jpg, 0
c01_20151001190002.jpg, 0
c01_20151002194010.jpg, 0
c01_20151002224000.jpg, 0
c01_20151005211002.jpg, 0
c01_20151006201002.jpg, 0
c01_20151006213004.jpg, 0
c01_20160309201000.jpg, 0
c01_20160309203002.jpg, 0
c01_20160319204012.jpg, 0
c01_20160402010210.jpg, 0
c01_20160403192002.jpg, 0
c01_20160405194000.jpg, 0
c01_20160405200000.jpg, 0
c01_20160407221000.jpg, 0
c01_20160407224002.jpg, 0
c01_20160408224014.jpg, 0
c01_20160412202140.jpg, 0
c01_20160412221112.jpg, 0
c01_20160506010002.jpg, 0
c01_20160508170010.jpg, 0
c01_20160508191000.jpg, 0
c01_20160509153012.jpg, 0
c01_20160512223038.jpg, 0
c01_20160514012000.jpg, 0
c01_20160608012110.jpg, 0
c01_20160611001000.jpg, 0
c01_20160612043012.jpg, 0
c01_20160710011002.jpg, 0
c01_20160724211002.jpg, 0
c01_20160724220516.jpg, 0
c01_20160726202014.jpg, 0
c01_20160804030012.jpg, 0
c01_20160812013010.jpg, 0
c01_20160822000012.jpg, 0
c01_20160823172000.jpg, 0
c01_20160823203014.jpg, 0
c01_20160827000012.jpg, 0
c01_20160829202012.jpg, 0
c01_20160830002112.jpg, 0
c01_20160903223244.jpg, 0
c01_20160904012000.jpg, 0
c01_20160904013010.jpg, 0
c01_20160904172012.jpg, 0
c01_20160910004010.jpg, 0
c01_20160910012516.jpg, 0
c01_20160912004000.jpg, 0
c01_20160920223112.jpg, 0
c01_20160924202646.jpg, 0
c01_20160926201612.jpg, 0
c01_20160927000002.jpg, 0
c01_20160929214204.jpg, 0
c01_20161001184002.jpg, 0
c01_20170307210002.jpg, 0
c01_20170308214004.jpg, 0
c01_20170322184004.jpg, 0
c01_20170322203002.jpg, 0
c01_20170322222000.jpg, 0
c01_20170419012010.jpg, 0
c01_20170423153010.jpg, 0
c01_20170423194002.jpg, 0
c01_20170423200002.jpg, 0
c01_20170423220000.jpg, 0
c01_20170423222004.jpg, 0
c01_20170424000002.jpg, 0
c01_20170424001002.jpg, 0
c01_20170424023002.jpg, 0
c01_20170424172004.jpg, 0
c01_20170424180000.jpg, 0
c01_20170424182004.jpg, 0
c01_20170425210010.jpg, 0
c01_20170425220004.jpg, 0
c01_20170426030004.jpg, 0
c01_20170426172110.jpg, 0
c01_20170427004002.jpg, 0
c01_20170427011004.jpg, 0
c01_20170501010310.jpg, 0
c01_20170515180112.jpg, 0
c01_20170519182000.jpg, 0
c01_20170519204002.jpg, 0
c01_20170520011000.jpg, 0
c01_20170520160010.jpg, 0
c01_20170520163000.jpg, 0
c01_20170522213012.jpg, 0
c01_20170523002010.jpg, 0
c01_20170523212002.jpg, 0
c01_20170527183004.jpg, 0
c01_20170527201000.jpg, 0
c01_20170528003000.jpg, 0
c01_20170528004002.jpg, 0
c01_20170528020000.jpg, 0
c01_20170528033002.jpg, 0
c01_20170530031004.jpg, 0
c01_20170603151112.jpg, 0
c01_20170603153112.jpg, 0
c01_20170604144010.jpg, 0
c01_20170604224012.jpg, 0
c01_20170605184012.jpg, 0
c01_20170606024010.jpg, 0
c01_20170606031004.jpg, 0
c01_20170624221010.jpg, 0
c01_20170626013000.jpg, 0
c01_20170626023002.jpg, 0
c01_20170630221004.jpg, 0
c01_20170716190004.jpg, 0
c01_20170716203002.jpg, 0
c01_20170716221000.jpg, 0
c01_20170716222002.jpg, 0
c01_20170717013002.jpg, 0
c01_20170718011000.jpg, 0
c01_20170718041000.jpg, 0
c01_20170722000004.jpg, 0
c01_20170722020210.jpg, 0
c01_20170722040002.jpg, 0
c01_20170722164310.jpg, 0
c01_20170722220004.jpg, 0
c01_20170723043000.jpg, 0
c01_20170730001010.jpg, 0
c01_20170801010000.jpg, 0
c01_20170816003004.jpg, 0
c01_20170816202002.jpg, 0
c01_20170817172010.jpg, 0
c01_20170817180004.jpg, 0
c01_20170817223010.jpg, 0
c01_20170818174000.jpg, 0
c01_20170818201000.jpg, 0
c01_20170819014000.jpg, 0
c01_20170821020000.jpg, 0
c01_20170821201112.jpg, 0
c01_20170821220004.jpg, 0
c01_20170821224002.jpg, 0
c01_20170822002004.jpg, 0
c01_20170822020002.jpg, 0
c01_20170823163000.jpg, 0
c01_20170823181004.jpg, 0
c01_20170823224000.jpg, 0
c01_20170825203012.jpg, 0
c01_20170825214004.jpg, 0
c01_20170825221002.jpg, 0
c01_20170827193002.jpg, 0
c01_20170827201004.jpg, 0
c01_20170827204002.jpg, 0
c01_20170828012004.jpg, 0
c01_20170829000000.jpg, 0
c01_20170904194112.jpg, 0
c01_20170915203002.jpg, 0
c01_20170916204004.jpg, 0
c01_20170916222000.jpg, 0
c01_20170922181000.jpg, 0
c01_20170922213000.jpg, 0
c01_20170923200004.jpg, 0
c01_20170923213004.jpg, 0
c01_20170924192412.jpg, 0
c01_20170924204002.jpg, 0
c01_20170924221002.jpg, 0
c01_20170928204002.jpg, 0
c01_20170929211002.jpg, 0
c01_20171010222010.jpg, 0
c01_20180309220110.jpg, 0
c01_20180315203004.jpg, 0
c01_20180315213000.jpg, 0
c01_20180316213004.jpg, 0
c01_20180318182000.jpg, 0
c01_20180323223000.jpg, 0
c01_20180328221110.jpg, 0
c01_20180409183002.jpg, 0
c01_20180409210002.jpg, 0
c01_20180410203002.jpg, 0
c01_20180410211002.jpg, 0
c01_20180410221000.jpg, 0
c01_20180411001002.jpg, 0
c01_20180411003002.jpg, 0
c01_20180411010004.jpg, 0
c01_20180411011004.jpg, 0
c01_20180414223000.jpg, 0
c01_20180416020002.jpg, 0
c01_20180417212000.jpg, 0
c01_20180418012004.jpg, 0
c01_20180423190112.jpg, 0
c01_20180428014010.jpg, 0
c01_20180506003004.jpg, 0
c01_20180507211002.jpg, 0
c01_20180508213002.jpg, 0
c01_20180509012004.jpg, 0
c01_20180509223002.jpg, 0
c01_20180510204012.jpg, 0
c01_20180510221110.jpg, 0
c01_20180511203004.jpg, 0
c01_20180512000002.jpg, 0
c01_20180512202012.jpg, 0
c01_20180513014010.jpg, 0
c01_20180514001002.jpg, 0
c01_20180514190012.jpg, 0
c01_20180514212000.jpg, 0
c01_20180515170010.jpg, 0
c01_20180515174012.jpg, 0
c01_20180515190110.jpg, 0
c01_20180516002000.jpg, 0
c01_20180516031010.jpg, 0
c01_20180517014000.jpg, 0
c01_20180517190000.jpg, 0
c01_20180518010004.jpg, 0
c01_20180519223010.jpg, 0
c01_20180524010010.jpg, 0
c01_20180607224004.jpg, 0
c01_20180610220012.jpg, 0
c01_20180611022002.jpg, 0
c01_20180613212010.jpg, 0
c01_20180613214110.jpg, 0
c01_20180613222310.jpg, 0
c01_20180613223010.jpg, 0
c01_20180614012004.jpg, 0
c01_20180614041002.jpg, 0
c01_20180618221110.jpg, 0
c01_20180619031000.jpg, 0
c01_20180706013004.jpg, 0
c01_20180706020000.jpg, 0
c01_20180706022002.jpg, 0
c01_20180706220004.jpg, 0
c01_20180713003112.jpg, 0
c01_20180713010010.jpg, 0
c01_20180713021002.jpg, 0
c01_20180716001000.jpg, 0
c01_20180716042010.jpg, 0
c01_20180716211004.jpg, 0
c01_20180716214002.jpg, 0
c01_20180721042010.jpg, 0
c01_20180801213112.jpg, 0
c01_20180816021000.jpg, 0
c01_20180816022000.jpg, 0
c01_20180816024004.jpg, 0
c01_20180816190004.jpg, 0
c01_20180816193110.jpg, 0
c01_20180817030004.jpg, 0
c01_20180817201000.jpg, 0
c01_20180817214002.jpg, 0
c01_20180817222000.jpg, 0
c01_20180818020004.jpg, 0
c01_20180819023110.jpg, 0
c01_20180820000004.jpg, 0
c01_20180820010004.jpg, 0
c01_20180822011004.jpg, 0
c01_20180902213002.jpg, 0
c01_20180904200002.jpg, 0
c01_20180904201002.jpg, 0
c01_20180906011010.jpg, 0
c01_20180906013004.jpg, 0
c01_20180906210012.jpg, 0
c01_20180906211012.jpg, 0
c01_20180906212012.jpg, 0
c01_20180907011000.jpg, 0
c01_20180907020004.jpg, 0
c01_20180909011000.jpg, 0
c01_20180910174000.jpg, 0
c01_20180914224002.jpg, 0
c01_20180915010010.jpg, 0
c01_20181001184110.jpg, 0
c01_20181003210010.jpg, 0
c01_20181007203004.jpg, 0
c01_20190311222010.jpg, 0
c01_20190312210010.jpg, 0
c01_20190313213004.jpg, 0
c01_20190316223006.jpg, 0
c01_20190327183110.jpg, 0
c01_20190402211002.jpg, 0
c01_20190402223010.jpg, 0
c01_20190403002002.jpg, 0
c01_20190403003002.jpg, 0
c01_20190407222002.jpg, 0
c01_20190408171010.jpg, 0
c01_20190608184000.jpg, 0
c01_20190608224002.jpg, 0
c01_20190609000004.jpg, 0
c01_20190708204010.jpg, 0
c01_20190709033000.jpg, 0
c01_20190709203002.jpg, 0
c01_20190710004000.jpg, 0
c01_20190711010004.jpg, 0
c01_20190723214112.jpg, 0
c01_20190724220010.jpg, 0
c01_20190728012004.jpg, 0
c01_20190729034002.jpg, 0
c01_20190730210110.jpg, 0
c01_20190807013002.jpg, 0
c01_20190901181004.jpg, 0
c01_20190925212010.jpg, 0
c01_20190925213004.jpg, 0
c01_20190925214000.jpg, 0
c01_20051011222003.jpg, 1
c01_20061001202009.jpg, 1
c01_20061002214001.jpg, 1
c01_20070401210004.jpg, 1
c01_20070407223019.jpg, 1
c01_20070525182007.jpg, 1
c01_20070605160009.jpg, 1
c01_20070605203058.jpg, 1
c01_20070606041053.jpg, 1
c01_20070704001025.jpg, 1
c01_20070705002026.jpg, 1
c01_20070705004006.jpg, 1
c01_20070824224025.jpg, 1
c01_20070825184012.jpg, 1
c01_20071018194150.jpg, 1
c01_20071019201013.jpg, 1
c01_20080229203028.jpg, 1
c01_20080304194025.jpg, 1
c01_20080309183001.jpg, 1
c01_20080321201017.jpg, 1
c01_20080322000009.jpg, 1
c01_20080323211024.jpg, 1
c01_20080323222010.jpg, 1
c01_20080414161026.jpg, 1
c01_20080425222019.jpg, 1
c01_20080504143443.jpg, 1
c01_20080520222030.jpg, 1
c01_20080525034033.jpg, 1
c01_20080526203003.jpg, 1
c01_20080530050010.jpg, 1
c01_20080603051010.jpg, 1
c01_20080614170002.jpg, 1
c01_20080614171002.jpg, 1
c01_20080710212004.jpg, 1
c01_20080715161001.jpg, 1
c01_20080715204003.jpg, 1
c01_20080715211004.jpg, 1
c01_20080810003004.jpg, 1
c01_20080818150028.jpg, 1
c01_20080818172000.jpg, 1
c01_20080818200001.jpg, 1
c01_20080820003004.jpg, 1
c01_20080820020004.jpg, 1
c01_20081007222019.jpg, 1
c01_20081008193018.jpg, 1
c01_20081008212019.jpg, 1
c01_20081009190318.jpg, 1
c01_20081009212020.jpg, 1
c01_20081009223020.jpg, 1
c01_20090130192004.jpg, 1
c01_20090208001002.jpg, 1
c01_20090209223002.jpg, 1
c01_20090209224002.jpg, 1
c01_20090223002002.jpg, 1
c01_20090224004002.jpg, 1
c01_20090316200012.jpg, 1
c01_20090317002012.jpg, 1
c01_20090405170012.jpg, 1
c01_20090505182012.jpg, 1
c01_20090505213012.jpg, 1
c01_20090506172012.jpg, 1
c01_20090507170012.jpg, 1
c01_20090507203012.jpg, 1
c01_20090508013012.jpg, 1
c01_20090508150012.jpg, 1
c01_20090508162012.jpg, 1
c01_20090509163012.jpg, 1
c01_20090509172012.jpg, 1
c01_20090509201012.jpg, 1
c01_20090509223012.jpg, 1
c01_20090510201012.jpg, 1
c01_20090510223012.jpg, 1
c01_20090511004012.jpg, 1
c01_20090511012012.jpg, 1
c01_20090524140012.jpg, 1
c01_20090601161012.jpg, 1
c01_20090604174012.jpg, 1
c01_20090608022012.jpg, 1
c01_20090614024012.jpg, 1
c01_20090614031012.jpg, 1
c01_20090614042012.jpg, 1
c01_20090614133012.jpg, 1
c01_20090615014012.jpg, 1
c01_20090615051012.jpg, 1
c01_20090709044012.jpg, 1
c01_20090709050012.jpg, 1
c01_20090709162014.jpg, 1
c01_20090709180012.jpg, 1
c01_20090710134512.jpg, 1
c01_20090710220012.jpg, 1
c01_20090711022012.jpg, 1
c01_20090728183014.jpg, 1
c01_20090729160012.jpg, 1
c01_20090729192012.jpg, 1
c01_20090729193012.jpg, 1
c01_20090730163012.jpg, 1
c01_20090730171012.jpg, 1
c01_20090730181012.jpg, 1
c01_20090730192012.jpg, 1
c01_20090730194012.jpg, 1
c01_20090801001012.jpg, 1
c01_20090801030012.jpg, 1
c01_20090801032012.jpg, 1
c01_20090801034012.jpg, 1
c01_20090801143512.jpg, 1
c01_20090801162012.jpg, 1
c01_20090801182012.jpg, 1
c01_20090801194012.jpg, 1
c01_20090801220012.jpg, 1
c01_20090802041012.jpg, 1
c01_20090802143812.jpg, 1
c01_20090802204012.jpg, 1
c01_20090803031012.jpg, 1
c01_20090803144112.jpg, 1
c01_20090803170012.jpg, 1
c01_20090803190012.jpg, 1
c01_20090803194012.jpg, 1
c01_20090803211012.jpg, 1
c01_20090804020012.jpg, 1
c01_20090804031012.jpg, 1
c01_20090804041012.jpg, 1
c01_20090810020012.jpg, 1
c01_20090810030012.jpg, 1
c01_20090829163012.jpg, 1
c01_20090829192012.jpg, 1
c01_20090829202012.jpg, 1
c01_20090901020012.jpg, 1
c01_20090901182012.jpg, 1
c01_20090902022012.jpg, 1
c01_20090902180012.jpg, 1
c01_20090902212012.jpg, 1
c01_20090903013012.jpg, 1
c01_20090903020012.jpg, 1
c01_20090903163012.jpg, 1
c01_20090903182012.jpg, 1
c01_20090903193012.jpg, 1
c01_20090907001012.jpg, 1
c01_20091012214012.jpg, 1
c01_20100226221004.jpg, 1
c01_20100525154010.jpg, 1
c01_20100528134510.jpg, 1
c01_20100530013010.jpg, 1
c01_20100530020010.jpg, 1
c01_20100530032010.jpg, 1
c01_20100625140010.jpg, 1
c01_20100627161010.jpg, 1
c01_20100628164010.jpg, 1
c01_20100628190010.jpg, 1
c01_20100628193010.jpg, 1
c01_20100721152010.jpg, 1
c01_20100805041010.jpg, 1
c01_20100904020010.jpg, 1
c01_20100918212010.jpg, 1
c01_20100919181010.jpg, 1
c01_20100925182010.jpg, 1
c01_20110609132910.jpg, 1
c01_20110614051010.jpg, 1
c01_20110708160010.jpg, 1
c01_20110708182010.jpg, 1
c01_20110708201010.jpg, 1
c01_20110710161010.jpg, 1
c01_20110710170010.jpg, 1
c01_20110710191010.jpg, 1
c01_20110809220010.jpg, 1
c01_20110809224010.jpg, 1
c01_20110826160010.jpg, 1
c01_20110829161010.jpg, 1
c01_20110904181010.jpg, 1
c01_20110908203010.jpg, 1
c01_20110910171006.jpg, 1
c01_20110911171006.jpg, 1
c01_20110911183006.jpg, 1
c01_20110919174010.jpg, 1
c01_20110927181010.jpg, 1
c01_20110930183010.jpg, 1
c01_20111002184010.jpg, 1
c01_20111002192010.jpg, 1
c01_20111012201010.jpg, 1
c01_20120227221010.jpg, 1
c01_20120229222010.jpg, 1
c01_20120305192310.jpg, 1
c01_20120319010010.jpg, 1
c01_20120401165110.jpg, 1
c01_20120502192010.jpg, 1
c01_20120508210010.jpg, 1
c01_20120602004010.jpg, 1
c01_20120604042010.jpg, 1
c01_20120604150010.jpg, 1
c01_20120614051010.jpg, 1
c01_20120629191010.jpg, 1
c01_20120629201010.jpg, 1
c01_20120705204010.jpg, 1
c01_20120807034010.jpg, 1
c01_20120909164310.jpg, 1
c01_20120914013010.jpg, 1
c01_20120927191010.jpg, 1
c01_20130425191000.jpg, 1
c01_20130425210010.jpg, 1
c01_20130426152010.jpg, 1
c01_20130426153010.jpg, 1
c01_20130426190010.jpg, 1
c01_20130426213010.jpg, 1
c01_20130427002000.jpg, 1
c01_20130428012010.jpg, 1
c01_20130523164010.jpg, 1
c01_20130528221010.jpg, 1
c01_20130529010010.jpg, 1
c01_20130529042010.jpg, 1
c01_20130529224010.jpg, 1
c01_20130530032010.jpg, 1
c01_20130621151010.jpg, 1
c01_20130621193010.jpg, 1
c01_20130623023010.jpg, 1
c01_20130625214010.jpg, 1
c01_20130626023010.jpg, 1
c01_20130627020010.jpg, 1
c01_20130627052010.jpg, 1
c01_20130717211010.jpg, 1
c01_20130718152010.jpg, 1
c01_20130718180010.jpg, 1
c01_20130720031010.jpg, 1
c01_20130720182010.jpg, 1
c01_20130720204010.jpg, 1
c01_20130721010010.jpg, 1
c01_20130721214010.jpg, 1
c01_20130721223010.jpg, 1
c01_20130722013010.jpg, 1
c01_20130722020010.jpg, 1
c01_20130722211010.jpg, 1
c01_20130724001010.jpg, 1
c01_20130724044010.jpg, 1
c01_20130729143010.jpg, 1
c01_20130924180010.jpg, 1
c01_20131009203010.jpg, 1
c01_20140228224010.jpg, 1
c01_20140302204010.jpg, 1
c01_20140415172010.jpg, 1
c01_20140415183010.jpg, 1
c01_20140415190010.jpg, 1
c01_20140510150010.jpg, 1
c01_20140511150010.jpg, 1
c01_20140511164010.jpg, 1
c01_20140609153010.jpg, 1
c01_20140609181010.jpg, 1
c01_20140609203010.jpg, 1
c01_20140713041010.jpg, 1
c01_20140713204010.jpg, 1
c01_20140714011010.jpg, 1
c01_20140714212010.jpg, 1
c01_20140715000010.jpg, 1
c01_20140715024010.jpg, 1
c01_20140715030010.jpg, 1
c01_20140715034010.jpg, 1
c01_20140716042010.jpg, 1
c01_20140808152010.jpg, 1
c01_20140808154010.jpg, 1
c01_20140808201010.jpg, 1
c01_20140809154010.jpg, 1
c01_20140809172010.jpg, 1
c01_20140809213010.jpg, 1
c01_20140810030010.jpg, 1
c01_20140810151010.jpg, 1
c01_20140811171010.jpg, 1
c01_20140812224010.jpg, 1
c01_20140901203010.jpg, 1
c01_20140910193010.jpg, 1
c01_20140914011010.jpg, 1
c01_20140916173010.jpg, 1
c01_20141003200010.jpg, 1
c01_20150528173110.jpg, 1
c01_20150528193110.jpg, 1
c01_20150529143010.jpg, 1
c01_20150530203010.jpg, 1
c01_20150601142110.jpg, 1
c01_20150603140010.jpg, 1
c01_20150603184010.jpg, 1
c01_20150603190010.jpg, 1
c01_20150603192010.jpg, 1
c01_20150603193010.jpg, 1
c01_20150603224010.jpg, 1
c01_20150604030010.jpg, 1
c01_20150604040010.jpg, 1
c01_20150604162010.jpg, 1
c01_20150604163010.jpg, 1
c01_20150604192010.jpg, 1
c01_20150604220010.jpg, 1
c01_20150604221010.jpg, 1
c01_20150605004010.jpg, 1
c01_20150605041010.jpg, 1
c01_20150605200110.jpg, 1
c01_20150605220110.jpg, 1
c01_20150629032110.jpg, 1
c01_20150725141610.jpg, 1
c01_20150725142010.jpg, 1
c01_20150725201010.jpg, 1
c01_20150822031110.jpg, 1
c01_20150825154710.jpg, 1
c01_20150901003010.jpg, 1
c01_20160418154010.jpg, 1
c01_20160419160010.jpg, 1
c01_20160419214014.jpg, 1
c01_20160420153210.jpg, 1
c01_20160420160010.jpg, 1
c01_20160420192112.jpg, 1
c01_20160421002114.jpg, 1
c01_20160512010012.jpg, 1
c01_20160526200114.jpg, 1
c01_20160526203114.jpg, 1
c01_20160717222112.jpg, 1
c01_20160718043012.jpg, 1
c01_20160718140110.jpg, 1
c01_20160719012014.jpg, 1
c01_20160812154010.jpg, 1
c01_20160813191112.jpg, 1
c01_20160818172112.jpg, 1
c01_20160819002114.jpg, 1
c01_20160819024116.jpg, 1
c01_20160819182212.jpg, 1
c01_20160819183012.jpg, 1
c01_20160819214014.jpg, 1
c01_20160820203112.jpg, 1
c01_20160820221114.jpg, 1
c01_20160911182112.jpg, 1
c01_20160911190112.jpg, 1
c01_20160912182112.jpg, 1
c01_20160915180112.jpg, 1
c01_20160917001012.jpg, 1
c01_20160919173012.jpg, 1
c01_20170228203010.jpg, 1
c01_20170319000112.jpg, 1
c01_20170320003010.jpg, 1
c01_20170604160012.jpg, 1
c01_20170608023112.jpg, 1
c01_20170609190012.jpg, 1
c01_20170609192012.jpg, 1
c01_20170610014014.jpg, 1
c01_20170610194110.jpg, 1
c01_20170610214112.jpg, 1
c01_20170611010112.jpg, 1
c01_20170611023112.jpg, 1
c01_20170611141110.jpg, 1
c01_20170611191312.jpg, 1
c01_20170614020014.jpg, 1
c01_20170614194010.jpg, 1
c01_20170614203012.jpg, 1
c01_20170615000012.jpg, 1
c01_20170615040014.jpg, 1
c01_20170615051014.jpg, 1
c01_20170706220012.jpg, 1
c01_20170707193012.jpg, 1
c01_20170708004014.jpg, 1
c01_20170708013014.jpg, 1
c01_20170708051014.jpg, 1
c01_20170808002112.jpg, 1
c01_20170808003110.jpg, 1
c01_20170809223112.jpg, 1
c01_20170903181012.jpg, 1
c01_20170903192212.jpg, 1
c01_20170903211112.jpg, 1
c01_20170903212112.jpg, 1
c01_20170906191112.jpg, 1
c01_20171010201114.jpg, 1
c01_20180428150510.jpg, 1
c01_20180505031010.jpg, 1
c01_20180505033010.jpg, 1
c01_20180527173012.jpg, 1
c01_20180527181012.jpg, 1
c01_20180527193012.jpg, 1
c01_20180528004012.jpg, 1
c01_20180528180112.jpg, 1
c01_20180529174112.jpg, 1
c01_20180529222112.jpg, 1
c01_20180530041114.jpg, 1
c01_20180530163110.jpg, 1
c01_20180620132510.jpg, 1
c01_20180724222110.jpg, 1
c01_20180726020112.jpg, 1
c01_20180726021112.jpg, 1
c01_20180726190112.jpg, 1
c01_20180726223112.jpg, 1
c01_20180727003112.jpg, 1
c01_20180729192112.jpg, 1
c01_20180820171010.jpg, 1
c01_20180821193112.jpg, 1
c01_20180822184010.jpg, 1
c01_20180822201012.jpg, 1
c01_20180923214010.jpg, 1
c01_20180924181110.jpg, 1
c01_20180924201010.jpg, 1
c01_20180927213110.jpg, 1
c01_20190520153010.jpg, 1
c01_20190711140010.jpg, 1
c01_20190716011110.jpg, 1
c01_20190716143110.jpg, 1
c01_20190716170110.jpg, 1
c01_20190811191112.jpg, 1
c01_20190906163110.jpg, 1
c01_20190906200112.jpg, 1
c01_20190913211010.jpg, 1
c01_20190915172010.jpg, 1
c01_20191003093810.jpg, 1
c01_20051001001020.jpg, 2
c01_20051002003002.jpg, 2
c01_20051011220003.jpg, 2
c01_20051017221027.jpg, 2
c01_20051018214000.jpg, 2
c01_20051018223026.jpg, 2
c01_20070301000010.jpg, 2
c01_20070309210003.jpg, 2
c01_20070309214007.jpg, 2
c01_20070403192002.jpg, 2
c01_20070403210012.jpg, 2
c01_20070403224022.jpg, 2
c01_20070404002002.jpg, 2
c01_20070404211025.jpg, 2
c01_20070404213027.jpg, 2
c01_20070628001255.jpg, 2
c01_20070724163320.jpg, 2
c01_20070802014011.jpg, 2
c01_20070803010005.jpg, 2
c01_20070803013008.jpg, 2
c01_20070803021012.jpg, 2
c01_20070824181058.jpg, 2
c01_20070826193026.jpg, 2
c01_20070826213010.jpg, 2
c01_20070923224003.jpg, 2
c01_20080301191604.jpg, 2
c01_20080322194012.jpg, 2
c01_20080322222008.jpg, 2
c01_20080323001001.jpg, 2
c01_20080417162027.jpg, 2
c01_20080417174005.jpg, 2
c01_20080417200018.jpg, 2
c01_20080417220000.jpg, 2
c01_20080418003014.jpg, 2
c01_20080423162003.jpg, 2
c01_20080423173010.jpg, 2
c01_20080423192021.jpg, 2
c01_20080423193022.jpg, 2
c01_20080423203027.jpg, 2
c01_20080423223009.jpg, 2
c01_20080424022004.jpg, 2
c01_20080424024006.jpg, 2
c01_20080429011017.jpg, 2
c01_20080523183030.jpg, 2
c01_20080523211032.jpg, 2
c01_20080523220032.jpg, 2
c01_20080711142000.jpg, 2
c01_20080711154001.jpg, 2
c01_20080717003006.jpg, 2
c01_20080719172002.jpg, 2
c01_20080722001000.jpg, 2
c01_20080722003000.jpg, 2
c01_20080722024002.jpg, 2
c01_20080724020006.jpg, 2
c01_20090406194012.jpg, 2
c01_20090406202012.jpg, 2
c01_20090407180012.jpg, 2
c01_20090408164012.jpg, 2
c01_20090409020012.jpg, 2
c01_20090409193012.jpg, 2
c01_20090410161312.jpg, 2
c01_20090410173012.jpg, 2
c01_20090410221012.jpg, 2
c01_20090411002012.jpg, 2
c01_20090411010012.jpg, 2
c01_20090414184012.jpg, 2
c01_20090414190012.jpg, 2
c01_20090419010012.jpg, 2
c01_20090502163012.jpg, 2
c01_20090506004012.jpg, 2
c01_20090511190012.jpg, 2
c01_20090511202012.jpg, 2
c01_20090511212012.jpg, 2
c01_20090512003012.jpg, 2
c01_20090512013012.jpg, 2
c01_20090513222012.jpg, 2
c01_20090514001012.jpg, 2
c01_20090514013012.jpg, 2
c01_20090602202014.jpg, 2
c01_20090602221014.jpg, 2
c01_20090603182012.jpg, 2
c01_20090603220012.jpg, 2
c01_20090604002012.jpg, 2
c01_20090604030012.jpg, 2
c01_20090604141012.jpg, 2
c01_20090604144012.jpg, 2
c01_20090605162012.jpg, 2
c01_20090605171012.jpg, 2
c01_20090607142014.jpg, 2
c01_20090607163012.jpg, 2
c01_20090607184012.jpg, 2
c01_20090607201012.jpg, 2
c01_20090607210012.jpg, 2
c01_20090609023012.jpg, 2
c01_20090609163012.jpg, 2
c01_20090610011012.jpg, 2
c01_20090610032012.jpg, 2
c01_20090610220012.jpg, 2
c01_20090611000012.jpg, 2
c01_20090611033012.jpg, 2
c01_20090611221012.jpg, 2
c01_20090612001012.jpg, 2
c01_20090629184012.jpg, 2
c01_20090629203012.jpg, 2
c01_20090630204012.jpg, 2
c01_20090630212012.jpg, 2
c01_20090630213012.jpg, 2
c01_20090701151012.jpg, 2
c01_20090701160012.jpg, 2
c01_20090701212012.jpg, 2
c01_20090702142012.jpg, 2
c01_20090702181012.jpg, 2
c01_20090708190012.jpg, 2
c01_20090804191012.jpg, 2
c01_20090804221012.jpg, 2
c01_20090805144712.jpg, 2
c01_20090805161012.jpg, 2
c01_20090805180012.jpg, 2
c01_20090805222012.jpg, 2
c01_20090807200012.jpg, 2
c01_20090808034012.jpg, 2
c01_20090808191012.jpg, 2
c01_20090809003012.jpg, 2
c01_20090809023012.jpg, 2
c01_20090827200012.jpg, 2
c01_20090827222012.jpg, 2
c01_20090830013012.jpg, 2
c01_20090830164012.jpg, 2
c01_20090905222012.jpg, 2
c01_20090906000012.jpg, 2
c01_20090906001012.jpg, 2
c01_20090930220012.jpg, 2
c01_20090930221012.jpg, 2
c01_20100214192002.jpg, 2
c01_20100219191002.jpg, 2
c01_20100228222010.jpg, 2
c01_20100302211010.jpg, 2
c01_20100307224010.jpg, 2
c01_20100309220010.jpg, 2
c01_20100327171610.jpg, 2
c01_20100327213010.jpg, 2
c01_20100401200010.jpg, 2
c01_20100404210012.jpg, 2
c01_20100424164010.jpg, 2
c01_20100424203010.jpg, 2
c01_20100430153010.jpg, 2
c01_20100430160010.jpg, 2
c01_20100501151010.jpg, 2
c01_20100501191010.jpg, 2
c01_20100501201010.jpg, 2
c01_20100502034010.jpg, 2
c01_20100521144010.jpg, 2
c01_20100522151010.jpg, 2
c01_20100522180010.jpg, 2
c01_20100523161010.jpg, 2
c01_20100523191010.jpg, 2
c01_20100523201010.jpg, 2
c01_20100523203010.jpg, 2
c01_20100523204010.jpg, 2
c01_20100523224010.jpg, 2
c01_20100524004010.jpg, 2
c01_20100524202010.jpg, 2
c01_20100524220010.jpg, 2
c01_20100524222010.jpg, 2
c01_20100525003010.jpg, 2
c01_20100526011510.jpg, 2
c01_20100526041010.jpg, 2
c01_20100530200010.jpg, 2
c01_20100601213010.jpg, 2
c01_20100602001010.jpg, 2
c01_20100602002010.jpg, 2
c01_20100602210010.jpg, 2
c01_20100602212010.jpg, 2
c01_20100604033010.jpg, 2
c01_20100614033010.jpg, 2
c01_20100616190010.jpg, 2
c01_20100618184010.jpg, 2
c01_20100619202010.jpg, 2
c01_20100622153010.jpg, 2
c01_20100622163010.jpg, 2
c01_20100622171010.jpg, 2
c01_20100622221010.jpg, 2
c01_20100623182010.jpg, 2
c01_20100625034010.jpg, 2
c01_20100626134010.jpg, 2
c01_20100703034010.jpg, 2
c01_20100716153010.jpg, 2
c01_20100719174010.jpg, 2
c01_20100721180010.jpg, 2
c01_20100721200010.jpg, 2
c01_20100722190010.jpg, 2
c01_20100801023010.jpg, 2
c01_20100815181010.jpg, 2
c01_20100818193010.jpg, 2
c01_20100818210010.jpg, 2
c01_20100818211010.jpg, 2
c01_20100820211010.jpg, 2
c01_20100821160010.jpg, 2
c01_20100821170010.jpg, 2
c01_20100821202010.jpg, 2
c01_20100824030010.jpg, 2
c01_20100827023010.jpg, 2
c01_20110326011010.jpg, 2
c01_20110421203010.jpg, 2
c01_20110422162010.jpg, 2
c01_20110422173010.jpg, 2
c01_20110422182010.jpg, 2
c01_20110422202010.jpg, 2
c01_20110427024010.jpg, 2
c01_20110512144010.jpg, 2
c01_20110512152010.jpg, 2
c01_20110512181010.jpg, 2
c01_20110513163010.jpg, 2
c01_20110522201010.jpg, 2
c01_20110523032010.jpg, 2
c01_20110527032010.jpg, 2
c01_20110619050010.jpg, 2
c01_20110619212010.jpg, 2
c01_20110707154010.jpg, 2
c01_20110709200010.jpg, 2
c01_20110709210010.jpg, 2
c01_20110809010010.jpg, 2
c01_20110817221010.jpg, 2
c01_20110818001010.jpg, 2
c01_20110818013010.jpg, 2
c01_20110819012010.jpg, 2
c01_20110903162010.jpg, 2
c01_20110903192010.jpg, 2
c01_20110907192010.jpg, 2
c01_20110907221010.jpg, 2
c01_20110913224006.jpg, 2
c01_20110914012006.jpg, 2
c01_20111007201010.jpg, 2
c01_20120308202010.jpg, 2
c01_20120308214010.jpg, 2
c01_20120312214010.jpg, 2
c01_20120403174010.jpg, 2
c01_20120404184010.jpg, 2
c01_20120406004010.jpg, 2
c01_20120406210010.jpg, 2
c01_20120407173010.jpg, 2
c01_20120408213010.jpg, 2
c01_20120411012010.jpg, 2
c01_20120411014010.jpg, 2
c01_20120411184010.jpg, 2
c01_20120411220010.jpg, 2
c01_20120412013010.jpg, 2
c01_20120412021010.jpg, 2
c01_20120413000010.jpg, 2
c01_20120413023010.jpg, 2
c01_20120504222010.jpg, 2
c01_20120507162010.jpg, 2
c01_20120515004010.jpg, 2
c01_20120601191010.jpg, 2
c01_20120601220010.jpg, 2
c01_20120603030010.jpg, 2
c01_20120603034010.jpg, 2
c01_20120603041010.jpg, 2
c01_20120603043010.jpg, 2
c01_20120606182010.jpg, 2
c01_20120607210010.jpg, 2
c01_20120608002010.jpg, 2
c01_20120608033010.jpg, 2
c01_20120630003010.jpg, 2
c01_20120630220010.jpg, 2
c01_20120703133510.jpg, 2
c01_20120703192010.jpg, 2
c01_20120703214010.jpg, 2
c01_20120705013010.jpg, 2
c01_20120705183010.jpg, 2
c01_20120707042010.jpg, 2
c01_20120707204010.jpg, 2
c01_20120708023010.jpg, 2
c01_20120727211010.jpg, 2
c01_20120728153010.jpg, 2
c01_20120729201010.jpg, 2
c01_20120730000010.jpg, 2
c01_20120730154010.jpg, 2
c01_20120730193010.jpg, 2
c01_20120801012010.jpg, 2
c01_20120801014010.jpg, 2
c01_20120802021010.jpg, 2
c01_20120806020010.jpg, 2
c01_20120825174010.jpg, 2
c01_20120830161010.jpg, 2
c01_20120921190010.jpg, 2
c01_20120923183010.jpg, 2
c01_20120929190010.jpg, 2
c01_20120930000010.jpg, 2
c01_20121009214010.jpg, 2
c01_20130225213010.jpg, 2
c01_20130302203010.jpg, 2
c01_20130302204010.jpg, 2
c01_20130305220010.jpg, 2
c01_20130323182010.jpg, 2
c01_20130328000010.jpg, 2
c01_20130328194010.jpg, 2
c01_20130329180010.jpg, 2
c01_20130329194010.jpg, 2
c01_20130401201010.jpg, 2
c01_20130401221010.jpg, 2
c01_20130421191010.jpg, 2
c01_20130421201010.jpg, 2
c01_20130423001000.jpg, 2
c01_20130423171010.jpg, 2
c01_20130423182010.jpg, 2
c01_20130427180010.jpg, 2
c01_20130427191010.jpg, 2
c01_20130429171010.jpg, 2
c01_20130429204010.jpg, 2
c01_20130430184010.jpg, 2
c01_20130518011010.jpg, 2
c01_20130518182010.jpg, 2
c01_20130518194010.jpg, 2
c01_20130519172010.jpg, 2
c01_20130519192010.jpg, 2
c01_20130519193010.jpg, 2
c01_20130520173010.jpg, 2
c01_20130520192010.jpg, 2
c01_20130520200010.jpg, 2
c01_20130522171010.jpg, 2
c01_20130524023010.jpg, 2
c01_20130524034010.jpg, 2
c01_20130524191010.jpg, 2
c01_20130525032010.jpg, 2
c01_20130525162010.jpg, 2
c01_20130525164010.jpg, 2
c01_20130525202010.jpg, 2
c01_20130525210010.jpg, 2
c01_20130525211010.jpg, 2
c01_20130527212010.jpg, 2
c01_20130528012010.jpg, 2
c01_20130528180010.jpg, 2
c01_20130616153010.jpg, 2
c01_20130616171010.jpg, 2
c01_20130617151010.jpg, 2
c01_20130617161010.jpg, 2
c01_20130619203010.jpg, 2
c01_20130619221010.jpg, 2
c01_20130622161010.jpg, 2
c01_20130622164010.jpg, 2
c01_20130624051010.jpg, 2
c01_20130624180010.jpg, 2
c01_20130624213010.jpg, 2
c01_20130625004010.jpg, 2
c01_20130625020010.jpg, 2
c01_20130721172010.jpg, 2
c01_20130724174010.jpg, 2
c01_20130724194010.jpg, 2
c01_20130726000010.jpg, 2
c01_20130726042010.jpg, 2
c01_20130814153010.jpg, 2
c01_20130814201010.jpg, 2
c01_20130815171010.jpg, 2
c01_20130815181010.jpg, 2
c01_20130815184010.jpg, 2
c01_20130816212010.jpg, 2
c01_20130818001010.jpg, 2
c01_20130818014010.jpg, 2
c01_20130818180010.jpg, 2
c01_20130819173010.jpg, 2
c01_20130819212010.jpg, 2
c01_20130822010010.jpg, 2
c01_20130822012010.jpg, 2
c01_20130822023010.jpg, 2
c01_20130822202010.jpg, 2
c01_20130912202010.jpg, 2
c01_20130912212010.jpg, 2
c01_20130916180010.jpg, 2
c01_20130916182010.jpg, 2
c01_20130917182010.jpg, 2
c01_20130918173010.jpg, 2
c01_20130918200010.jpg, 2
c01_20130918222010.jpg, 2
c01_20130923001012.jpg, 2
c01_20131012194710.jpg, 2
c01_20131014201510.jpg, 2
c01_20131015213010.jpg, 2
c01_20140315212010.jpg, 2
c01_20140319193010.jpg, 2
c01_20140411204010.jpg, 2
c01_20140412163010.jpg, 2
c01_20140413184010.jpg, 2
c01_20140413214010.jpg, 2
c01_20140414221010.jpg, 2
c01_20140415014010.jpg, 2
c01_20140418180040.jpg, 2
c01_20140419002010.jpg, 2
c01_20140420014010.jpg, 2
c01_20140420214010.jpg, 2
c01_20140421202010.jpg, 2
c01_20140513013010.jpg, 2
c01_20140519190010.jpg, 2
c01_20140521010010.jpg, 2
c01_20140521012010.jpg, 2
c01_20140521020010.jpg, 2
c01_20140606172010.jpg, 2
c01_20140609212010.jpg, 2
c01_20140610181010.jpg, 2
c01_20140610191010.jpg, 2
c01_20140610193010.jpg, 2
c01_20140611001010.jpg, 2
c01_20140611003010.jpg, 2
c01_20140611024010.jpg, 2
c01_20140611173010.jpg, 2
c01_20140616000010.jpg, 2
c01_20140616003010.jpg, 2
c01_20140616023010.jpg, 2
c01_20140616042010.jpg, 2
c01_20140616051010.jpg, 2
c01_20140617022010.jpg, 2
c01_20140618011010.jpg, 2
c01_20140618030010.jpg, 2
c01_20140705143010.jpg, 2
c01_20140705154010.jpg, 2
c01_20140707153010.jpg, 2
c01_20140707163010.jpg, 2
c01_20140708151010.jpg, 2
c01_20140708154010.jpg, 2
c01_20140708173010.jpg, 2
c01_20140711023010.jpg, 2
c01_20140711034010.jpg, 2
c01_20140712001010.jpg, 2
c01_20140712030010.jpg, 2
c01_20140807154010.jpg, 2
c01_20140807194010.jpg, 2
c01_20140807220010.jpg, 2
c01_20140902183010.jpg, 2
c01_20140903181010.jpg, 2
c01_20140909184010.jpg, 2
c01_20141005190010.jpg, 2
c01_20141009200010.jpg, 2
c01_20141009222010.jpg, 2
c01_20150302203010.jpg, 2
c01_20150305212110.jpg, 2
c01_20150306193110.jpg, 2
c01_20150306214110.jpg, 2
c01_20150307200110.jpg, 2
c01_20150310191010.jpg, 2
c01_20150310212010.jpg, 2
c01_20150310213010.jpg, 2
c01_20150311223010.jpg, 2
c01_20150312191010.jpg, 2
c01_20150329183010.jpg, 2
c01_20150403201110.jpg, 2
c01_20150404210110.jpg, 2
c01_20150405003110.jpg, 2
c01_20150405181010.jpg, 2
c01_20150405210010.jpg, 2
c01_20150406010010.jpg, 2
c01_20150406200010.jpg, 2
c01_20150407001010.jpg, 2
c01_20150407004010.jpg, 2
c01_20150411224010.jpg, 2
c01_20150428170010.jpg, 2
c01_20150428201010.jpg, 2
c01_20150429154110.jpg, 2
c01_20150429173110.jpg, 2
c01_20150429183110.jpg, 2
c01_20150430152010.jpg, 2
c01_20150430153010.jpg, 2
c01_20150430200010.jpg, 2
c01_20150502210010.jpg, 2
c01_20150503004010.jpg, 2
c01_20150503161110.jpg, 2
c01_20150503163110.jpg, 2
c01_20150503174110.jpg, 2
c01_20150504001110.jpg, 2
c01_20150507162110.jpg, 2
c01_20150507164110.jpg, 2
c01_20150507170110.jpg, 2
c01_20150507204110.jpg, 2
c01_20150508022110.jpg, 2
c01_20150508024110.jpg, 2
c01_20150508181010.jpg, 2
c01_20150508220010.jpg, 2
c01_20150509013010.jpg, 2
c01_20150509024010.jpg, 2
c01_20150510023110.jpg, 2
c01_20150519010010.jpg, 2
c01_20150530214010.jpg, 2
c01_20150530220010.jpg, 2
c01_20150601181110.jpg, 2
c01_20150601201110.jpg, 2
c01_20150602003110.jpg, 2
c01_20150602151110.jpg, 2
c01_20150602171110.jpg, 2
c01_20150602183110.jpg, 2
c01_20150603041110.jpg, 2
c01_20150605171110.jpg, 2
c01_20150606184010.jpg, 2
c01_20150609021010.jpg, 2
c01_20150609050110.jpg, 2
c01_20150626134110.jpg, 2
c01_20150626150110.jpg, 2
c01_20150626183110.jpg, 2
c01_20150627180010.jpg, 2
c01_20150628164110.jpg, 2
c01_20150628221110.jpg, 2
c01_20150629191010.jpg, 2
c01_20150629203010.jpg, 2
c01_20150629214010.jpg, 2
c01_20150630003010.jpg, 2
c01_20150630013010.jpg, 2
c01_20150630043010.jpg, 2
c01_20150702021110.jpg, 2
c01_20150702041110.jpg, 2
c01_20150702143110.jpg, 2
c01_20150703020110.jpg, 2
c01_20150703174010.jpg, 2
c01_20150703182010.jpg, 2
c01_20150704001010.jpg, 2
c01_20150704020010.jpg, 2
c01_20150704024010.jpg, 2
c01_20150706032010.jpg, 2
c01_20150722142110.jpg, 2
c01_20150726184110.jpg, 2
c01_20150726211110.jpg, 2
c01_20150801020010.jpg, 2
c01_20150801040010.jpg, 2
c01_20150801192010.jpg, 2
c01_20150801214010.jpg, 2
c01_20150802014010.jpg, 2
c01_20150802021010.jpg, 2
c01_20150824170010.jpg, 2
c01_20150826182010.jpg, 2
c01_20150826212010.jpg, 2
c01_20150827000010.jpg, 2
c01_20150827202010.jpg, 2
c01_20150828010010.jpg, 2
c01_20150828223110.jpg, 2
c01_20150829172010.jpg, 2
c01_20150829212010.jpg, 2
c01_20150829213010.jpg, 2
c01_20150829221010.jpg, 2
c01_20150830214010.jpg, 2
c01_20150921193010.jpg, 2
c01_20150922194010.jpg, 2
c01_20150922210010.jpg, 2
c01_20150922212010.jpg, 2
c01_20151010223010.jpg, 2
c01_20151011204002.jpg, 2
c01_20160330220012.jpg, 2
c01_20160501012012.jpg, 2
c01_20160517211010.jpg, 2
c01_20160527023110.jpg, 2
c01_20160527043012.jpg, 2
c01_20160529014012.jpg, 2
c01_20160623223114.jpg, 2
c01_20160627014110.jpg, 2
c01_20160627023112.jpg, 2
c01_20160711140110.jpg, 2
c01_20160711151112.jpg, 2
c01_20160719032014.jpg, 2
c01_20160720151012.jpg, 2
c01_20160720214014.jpg, 2
c01_20160721013016.jpg, 2
c01_20160722022114.jpg, 2
c01_20160722033116.jpg, 2
c01_20160722034114.jpg, 2
c01_20160722184012.jpg, 2
c01_20160722191012.jpg, 2
c01_20160722202110.jpg, 2
c01_20160722210110.jpg, 2
c01_20160816200112.jpg, 2
c01_20160914173210.jpg, 2
c01_20160915010014.jpg, 2
c01_20160915194312.jpg, 2
c01_20160915224112.jpg, 2
c01_20160916224114.jpg, 2
c01_20170314220012.jpg, 2
c01_20170315193010.jpg, 2
c01_20170316001012.jpg, 2
c01_20170317004010.jpg, 2
c01_20170317202012.jpg, 2
c01_20170317214012.jpg, 2
c01_20170320221012.jpg, 2
c01_20170407172112.jpg, 2
c01_20170407193112.jpg, 2
c01_20170409212012.jpg, 2
c01_20170409213012.jpg, 2
c01_20170409220012.jpg, 2
c01_20170409223012.jpg, 2
c01_20170410001012.jpg, 2
c01_20170410182010.jpg, 2
c01_20170411172010.jpg, 2
c01_20170411221012.jpg, 2
c01_20170412013012.jpg, 2
c01_20170413160010.jpg, 2
c01_20170413182012.jpg, 2
c01_20170413193012.jpg, 2
c01_20170413201012.jpg, 2
c01_20170414021012.jpg, 2
c01_20170415202110.jpg, 2
c01_20170416002112.jpg, 2
c01_20170416021112.jpg, 2
c01_20170417220112.jpg, 2
c01_20170419221010.jpg, 2
c01_20170512154112.jpg, 2
c01_20170512181112.jpg, 2
c01_20170514001014.jpg, 2
c01_20170515020012.jpg, 2
c01_20170515032012.jpg, 2
c01_20170516031110.jpg, 2
c01_20170516183012.jpg, 2
c01_20170519010012.jpg, 2
c01_20170602163012.jpg, 2
c01_20170606222114.jpg, 2
c01_20170608034112.jpg, 2
c01_20170608212112.jpg, 2
c01_20170609012114.jpg, 2
c01_20170612031012.jpg, 2
c01_20170612160012.jpg, 2
c01_20170612164012.jpg, 2
c01_20170612184012.jpg, 2
c01_20170613183012.jpg, 2
c01_20170614004012.jpg, 2
c01_20170617044110.jpg, 2
c01_20170623031012.jpg, 2
c01_20170702174112.jpg, 2
c01_20170702183112.jpg, 2
c01_20170702191112.jpg, 2
c01_20170703220012.jpg, 2
c01_20170704000014.jpg, 2
c01_20170706181012.jpg, 2
c01_20170706190012.jpg, 2
c01_20170706200012.jpg, 2
c01_20170706202012.jpg, 2
c01_20170708202112.jpg, 2
c01_20170709030114.jpg, 2
c01_20170713011114.jpg, 2
c01_20170714222012.jpg, 2
c01_20170801222112.jpg, 2
c01_20170802204012.jpg, 2
c01_20170803014014.jpg, 2
c01_20170803203012.jpg, 2
c01_20170804024112.jpg, 2
c01_20170805144710.jpg, 2
c01_20170806002112.jpg, 2
c01_20170806150010.jpg, 2
c01_20170806154012.jpg, 2
c01_20170806184012.jpg, 2
c01_20170830212012.jpg, 2
c01_20170902171010.jpg, 2
c01_20170904222112.jpg, 2
c01_20170906004112.jpg, 2
c01_20170906220112.jpg, 2
c01_20170907014114.jpg, 2
c01_20170909204112.jpg, 2
c01_20171006201112.jpg, 2
c01_20171006223112.jpg, 2
c01_20171007203012.jpg, 2
c01_20171007220012.jpg, 2
c01_20180301202010.jpg, 2
c01_20180301223010.jpg, 2
c01_20180306200512.jpg, 2
c01_20180401212112.jpg, 2
c01_20180401221112.jpg, 2
c01_20180404202112.jpg, 2
c01_20180404223112.jpg, 2
c01_20180406222110.jpg, 2
c01_20180425153010.jpg, 2
c01_20180426192012.jpg, 2
c01_20180429182010.jpg, 2
c01_20180430024012.jpg, 2
c01_20180501161110.jpg, 2
c01_20180502164010.jpg, 2
c01_20180502193012.jpg, 2
c01_20180523144010.jpg, 2
c01_20180523191012.jpg, 2
c01_20180523201012.jpg, 2
c01_20180524161010.jpg, 2
c01_20180524163010.jpg, 2
c01_20180524191012.jpg, 2
c01_20180524194012.jpg, 2
c01_20180525163010.jpg, 2
c01_20180527011012.jpg, 2
c01_20180530203112.jpg, 2
c01_20180627010012.jpg, 2
c01_20180627032012.jpg, 2
c01_20180627171110.jpg, 2
c01_20180627190112.jpg, 2
c01_20180702193112.jpg, 2
c01_20180702194112.jpg, 2
c01_20180702204112.jpg, 2
c01_20180702221112.jpg, 2
c01_20180703002010.jpg, 2
c01_20180703051110.jpg, 2
c01_20180721163110.jpg, 2
c01_20180721221112.jpg, 2
c01_20180722161112.jpg, 2
c01_20180723150010.jpg, 2
c01_20180723224112.jpg, 2
c01_20180724163010.jpg, 2
c01_20180725194110.jpg, 2
c01_20180728154010.jpg, 2
c01_20180730034012.jpg, 2
c01_20180823182112.jpg, 2
c01_20180823193112.jpg, 2
c01_20180824010112.jpg, 2
c01_20180824011112.jpg, 2
c01_20180824170110.jpg, 2
c01_20180825000112.jpg, 2
c01_20180825163010.jpg, 2
c01_20180825173010.jpg, 2
c01_20180826013012.jpg, 2
c01_20180827161110.jpg, 2
c01_20180828003112.jpg, 2
c01_20180828200012.jpg, 2
c01_20180828214012.jpg, 2
c01_20180917203012.jpg, 2
c01_20180921211112.jpg, 2
c01_20180921221112.jpg, 2
c01_20180923213010.jpg, 2
c01_20180924003010.jpg, 2
c01_20180926203010.jpg, 2
c01_20190319211010.jpg, 2
c01_20190325180110.jpg, 2
c01_20190325221110.jpg, 2
c01_20190326204110.jpg, 2
c01_20190327012112.jpg, 2
c01_20190518152010.jpg, 2
c01_20190518204012.jpg, 2
c01_20190519171010.jpg, 2
c01_20190519190010.jpg, 2
c01_20190519194012.jpg, 2
c01_20190521190112.jpg, 2
c01_20190522021114.jpg, 2
c01_20190522201010.jpg, 2
c01_20190525023012.jpg, 2
c01_20190611142110.jpg, 2
c01_20190611192312.jpg, 2
c01_20190612140110.jpg, 2
c01_20190612142510.jpg, 2
c01_20190612214112.jpg, 2
c01_20190613203012.jpg, 2
c01_20190615023012.jpg, 2
c01_20190615210112.jpg, 2
c01_20190713221112.jpg, 2
c01_20190714010014.jpg, 2
c01_20190714024014.jpg, 2
c01_20190714204112.jpg, 2
c01_20190715024114.jpg, 2
c01_20190717041114.jpg, 2
c01_20190717173112.jpg, 2
c01_20190719191110.jpg, 2
c01_20190719192110.jpg, 2
c01_20190719210110.jpg, 2
c01_20190720221010.jpg, 2
c01_20190721010110.jpg, 2
c01_20190721033010.jpg, 2
c01_20190722023010.jpg, 2
c01_20190722031010.jpg, 2
c01_20190723000110.jpg, 2
c01_20190723002110.jpg, 2
c01_20190807160110.jpg, 2
c01_20190807170110.jpg, 2
c01_20190810174010.jpg, 2
c01_20190810191210.jpg, 2
c01_20190811013012.jpg, 2
c01_20190813170110.jpg, 2
c01_20190814151210.jpg, 2
c01_20190905202112.jpg, 2
c01_20190909000004.jpg, 2
c01_20190909183010.jpg, 2
c01_20190910201010.jpg, 2
c01_20190911002012.jpg, 2
c01_20190911222012.jpg, 2
c01_20190912170010.jpg, 2
c01_20191004213012.jpg, 2
c01_20070607183049.jpg, 3
c01_20070711170034.jpg, 3
c01_20070711173038.jpg, 3
c01_20070713154020.jpg, 3
c01_20090502201012.jpg, 3
c01_20100410193010.jpg, 3
c01_20100418163010.jpg, 3
c01_20100418194010.jpg, 3
c01_20100421193010.jpg, 3
c01_20100422161010.jpg, 3
c01_20100423191010.jpg, 3
c01_20100503173010.jpg, 3
c01_20100701184010.jpg, 3
c01_20100702172010.jpg, 3
c01_20100709151010.jpg, 3
c01_20100709160010.jpg, 3
c01_20100711203010.jpg, 3
c01_20100713203010.jpg, 3
c01_20100807154010.jpg, 3
c01_20100807213010.jpg, 3
c01_20100813180010.jpg, 3
c01_20100814172010.jpg, 3
c01_20100826181010.jpg, 3
c01_20100906172010.jpg, 3
c01_20110328192010.jpg, 3
c01_20110328214010.jpg, 3
c01_20110329191010.jpg, 3
c01_20110329201010.jpg, 3
c01_20110329220010.jpg, 3
c01_20110330193010.jpg, 3
c01_20110330220010.jpg, 3
c01_20110405194010.jpg, 3
c01_20110410191010.jpg, 3
c01_20110427171010.jpg, 3
c01_20110428000010.jpg, 3
c01_20110509190010.jpg, 3
c01_20110603141010.jpg, 3
c01_20110603152010.jpg, 3
c01_20110629162010.jpg, 3
c01_20110702001010.jpg, 3
c01_20110706172010.jpg, 3
c01_20110706173010.jpg, 3
c01_20110706184010.jpg, 3
c01_20110720144010.jpg, 3
c01_20110724144010.jpg, 3
c01_20110727202010.jpg, 3
c01_20110801182010.jpg, 3
c01_20110802201010.jpg, 3
c01_20110802220010.jpg, 3
c01_20110823164010.jpg, 3
c01_20110828174010.jpg, 3
c01_20110829180010.jpg, 3
c01_20110829203010.jpg, 3
c01_20110829213010.jpg, 3
c01_20110830181010.jpg, 3
c01_20110919180010.jpg, 3
c01_20110927192010.jpg, 3
c01_20120418170010.jpg, 3
c01_20120420194010.jpg, 3
c01_20120422160010.jpg, 3
c01_20120423023010.jpg, 3
c01_20120517141010.jpg, 3
c01_20120524201010.jpg, 3
c01_20120525142010.jpg, 3
c01_20120525154010.jpg, 3
c01_20120525162010.jpg, 3
c01_20120525193010.jpg, 3
c01_20120526214010.jpg, 3
c01_20120527013010.jpg, 3
c01_20120615161010.jpg, 3
c01_20120615162010.jpg, 3
c01_20120619151010.jpg, 3
c01_20120619172010.jpg, 3
c01_20120621011010.jpg, 3
c01_20120622144010.jpg, 3
c01_20120622154010.jpg, 3
c01_20120706171010.jpg, 3
c01_20120712162010.jpg, 3
c01_20120712201010.jpg, 3
c01_20120713021010.jpg, 3
c01_20120724171010.jpg, 3
c01_20120724191010.jpg, 3
c01_20120725164010.jpg, 3
c01_20120807154012.jpg, 3
c01_20120808161010.jpg, 3
c01_20120809163010.jpg, 3
c01_20120809184010.jpg, 3
c01_20120809211010.jpg, 3
c01_20120822160010.jpg, 3
c01_20120822200010.jpg, 3
c01_20120906180010.jpg, 3
c01_20120911203010.jpg, 3
c01_20120913193010.jpg, 3
c01_20120913220010.jpg, 3
c01_20120914182010.jpg, 3
c01_20130407200010.jpg, 3
c01_20130413212010.jpg, 3
c01_20130413224010.jpg, 3
c01_20130503191000.jpg, 3
c01_20130505194010.jpg, 3
c01_20130505203010.jpg, 3
c01_20130509204010.jpg, 3
c01_20130510022010.jpg, 3
c01_20130511003010.jpg, 3
c01_20130511184010.jpg, 3
c01_20130512204010.jpg, 3
c01_20130512210010.jpg, 3
c01_20130512213010.jpg, 3
c01_20130515192010.jpg, 3
c01_20130516152010.jpg, 3
c01_20130516170010.jpg, 3
c01_20130610210010.jpg, 3
c01_20130611022010.jpg, 3
c01_20130611172010.jpg, 3
c01_20130612201010.jpg, 3
c01_20130613144010.jpg, 3
c01_20130614164010.jpg, 3
c01_20130626153010.jpg, 3
c01_20130703191010.jpg, 3
c01_20130714144010.jpg, 3
c01_20130715150000.jpg, 3
c01_20130716140010.jpg, 3
c01_20130716181010.jpg, 3
c01_20130716184010.jpg, 3
c01_20130825171010.jpg, 3
c01_20130923174110.jpg, 3
c01_20130929190010.jpg, 3
c01_20140302212010.jpg, 3
c01_20140422153010.jpg, 3
c01_20140501223010.jpg, 3
c01_20140502191010.jpg, 3
c01_20140502224010.jpg, 3
c01_20140503011010.jpg, 3
c01_20140503161010.jpg, 3
c01_20140506191010.jpg, 3
c01_20140507002012.jpg, 3
c01_20140507143610.jpg, 3
c01_20140507181010.jpg, 3
c01_20140509160010.jpg, 3
c01_20140509183040.jpg, 3
c01_20140521202010.jpg, 3
c01_20140525184010.jpg, 3
c01_20140527011010.jpg, 3
c01_20140527022010.jpg, 3
c01_20140527163010.jpg, 3
c01_20140602143010.jpg, 3
c01_20140602151010.jpg, 3
c01_20140602161010.jpg, 3
c01_20140602181010.jpg, 3
c01_20140617181010.jpg, 3
c01_20140624171010.jpg, 3
c01_20140625210010.jpg, 3
c01_20140626193010.jpg, 3
c01_20140626223010.jpg, 3
c01_20140627200010.jpg, 3
c01_20140627213010.jpg, 3
c01_20140627221010.jpg, 3
c01_20140628191010.jpg, 3
c01_20140801153010.jpg, 3
c01_20150522182110.jpg, 3
c01_20150523032110.jpg, 3
c01_20150613143010.jpg, 3
c01_20150614144110.jpg, 3
c01_20150616183110.jpg, 3
c01_20150616190110.jpg, 3
c01_20150616202110.jpg, 3
c01_20150616203110.jpg, 3
c01_20150618172110.jpg, 3
c01_20150712172110.jpg, 3
c01_20150714160110.jpg, 3
c01_20150818161110.jpg, 3
c01_20150818172110.jpg, 3
c01_20150818201110.jpg, 3
c01_20150819161110.jpg, 3
c01_20150819162110.jpg, 3
c01_20150819193510.jpg, 3
c01_20150820170110.jpg, 3
c01_20160607161012.jpg, 3
c01_20160608193012.jpg, 3
c01_20160625152012.jpg, 3
c01_20160625170012.jpg, 3
c01_20160709142112.jpg, 3
c01_20160709194012.jpg, 3
c01_20160723161012.jpg, 3
c01_20160726152010.jpg, 3
c01_20160729161012.jpg, 3
c01_20170418191112.jpg, 3
c01_20170515164112.jpg, 3
c01_20170515183112.jpg, 3
c01_20170515184112.jpg, 3
c01_20170517154012.jpg, 3
c01_20170615202112.jpg, 3
c01_20170616023114.jpg, 3
c01_20170824160110.jpg, 3
c01_20170825001112.jpg, 3
c01_20170825002112.jpg, 3
c01_20170826170010.jpg, 3
c01_20170923182112.jpg, 3
c01_20180415171110.jpg, 3
c01_20180416202012.jpg, 3
c01_20180416212012.jpg, 3
c01_20180509162010.jpg, 3
c01_20180515040010.jpg, 3
c01_20180519173012.jpg, 3
c01_20180519183012.jpg, 3
c01_20180604164012.jpg, 3
c01_20180611190010.jpg, 3
c01_20180613192012.jpg, 3
c01_20180615172110.jpg, 3
c01_20180620164110.jpg, 3
c01_20180914182010.jpg, 3
c01_20190526191112.jpg, 3
c01_20190608204010.jpg, 3
c01_20190710182012.jpg, 3
c01_20190727160110.jpg, 3
c01_20190828162110.jpg, 3
